Code_Pays,Pays,Annee,Credit_Secteur_Prive_pct_PIB,Croissance_PIB_pct,Inflation_pct,PIB_USD,Reserves_Change_USD,Solde_Courant_pct_PIB
CAF,Rép. Centrafricaine,1975,16.4260215083385,0.404987104042064,,378660016.265936,3828943.42404235,
CAF,Rép. Centrafricaine,1976,11.1703648680207,5.43251898691292,,451152461.31276,18828693.5356935,
CAF,Rép. Centrafricaine,1977,11.8179115603808,3.80623491408234,,507298147.526539,26274569.6377115,-3.72453972164224
CAF,Rép. Centrafricaine,1978,13.2369824716086,1.2092354194359,,610578631.992983,26054787.534211,-3.76467968028553
CAF,Rép. Centrafricaine,1979,10.4784513760129,-2.46513778468636,,700764747.756462,49946033.1867309,-2.27681587236379
CAF,Rép. Centrafricaine,1980,13.9358679184252,-4.47863884794948,,797048198.534875,61698156.5106728,-5.40142552999241
CAF,Rép. Centrafricaine,1981,12.9396187810738,-1.54446566470149,-0.0333333333334091,694803622.898966,73805739.525873,-0.601662089101606
CAF,Rép. Centrafricaine,1982,12.3407823741894,7.71578363090393,13.2960986995663,748312390.756606,51578531.9311706,-5.69851584517804
CAF,Rép. Centrafricaine,1983,12.2876336242856,-8.12651359274568,14.6126112868811,658679332.681331,51141020.7951517,-4.44979508270463
CAF,Rép. Centrafricaine,1984,10.9863655196008,9.48172665292533,2.54220966810047,637820670.299604,56097886.8305507,-5.24384586849353
CAF,Rép. Centrafricaine,1985,9.01620146958525,3.92721953798056,10.4238402303886,864849836.286193,53253226.2512816,-5.6213002425937
CAF,Rép. Centrafricaine,1986,8.22597369849761,3.57797925430461,2.24515251162269,1122265013.42004,69693551.8505149,-7.70920034153731
CAF,Rép. Centrafricaine,1987,8.16114500390644,-4.93898788502545,-6.98680270599974,1200991977.80801,102100340.807346,-6.1139013050671
CAF,Rép. Centrafricaine,1988,7.30939513945661,1.71016528472386,-3.96446882079366,1264899287.51261,113027529.27375,-2.7360567863432
CAF,Rép. Centrafricaine,1989,7.53974504234898,1.97727043451945,0.689055807312738,1233930280.91724,117515572.061587,-2.7088700983338
CAF,Rép. Centrafricaine,1990,7.28531185070936,-2.14752806574087,-0.0123304562272102,1440711459.16967,122909404.284403,-6.18666446397518
CAF,Rép. Centrafricaine,1991,6.77283454333487,-0.552543005101867,-2.76236280675762,1377374986.58709,106910593.975109,-4.48468346818164
CAF,Rép. Centrafricaine,1992,4.50761660374127,-6.42407819946331,-1.03360811667777,1411917553.12436,103830263.763413,-5.88243164608966
CAF,Rép. Centrafricaine,1993,4.39930075144365,0.335275684646064,-2.91535849298335,1278781261.55928,116326746.95329,-1.01269528104564
CAF,Rép. Centrafricaine,1994,3.956823875948,4.89994941000114,24.5710137275605,851174356.781737,214276441.951393,-2.89900460634816
CAF,Rép. Centrafricaine,1995,4.15971405221421,7.20004555751903,19.1894039735098,1115389673.69197,237946017.450278,
CAF,Rép. Centrafricaine,1996,4.50888198348133,-4.00009296364789,3.72494110325802,1007791127.09913,236343697.896851,
CAF,Rép. Centrafricaine,1997,4.41670579594432,5.29993601826074,1.61131347760911,937741513.015352,181786252.890698,
CAF,Rép. Centrafricaine,1998,4.8979906533049,4.70014237879329,-1.8852009615791,967338389.650578,148903855.747506,
CAF,Rép. Centrafricaine,1999,4.5126778832824,3.59997490432274,-1.41420220082551,999477510.686632,139507412.455047,
CAF,Rép. Centrafricaine,2000,4.74625702323689,-2.48943244028874,3.20340091563112,916777282.691659,136311955.642756,
CAF,Rép. Centrafricaine,2001,6.10947913877305,4.46473902640867,3.83486060237362,932648604.751954,121827806.687419,
CAF,Rép. Centrafricaine,2002,5.84049758043086,3.61654219150596,2.33181703516235,996068144.884889,127052247.633007,
CAF,Rép. Centrafricaine,2003,6.18348471191079,-5.39748521855877,4.13470905150996,1142315522.53864,137053605.720033,
CAF,Rép. Centrafricaine,2004,7.16059184539562,5.99488422798696,-2.06640601136303,1272360517.32373,153195695.517303,
CAF,Rép. Centrafricaine,2005,6.89890787847171,0.908210514871953,2.88352073359022,1337894378.73743,144923649.427183,
CAF,Rép. Centrafricaine,2006,6.70566037241739,4.77108543044105,6.69526465773354,1461859762.33459,132419817.11154,
CAF,Rép. Centrafricaine,2007,6.78526082643897,4.60753485452025,0.95991761945711,1699811294.94935,91867874.1209709,
CAF,Rép. Centrafricaine,2008,7.02011112860774,2.05413096200485,9.25895099417076,1993407888.49838,131466500.98142,
CAF,Rép. Centrafricaine,2009,6.96252915838712,8.58726042640994,3.52126227238643,2067381665.25454,210590013.326623,
CAF,Rép. Centrafricaine,2010,8.30898124968165,4.63081843223307,1.49102370047802,2142591540.40068,181175454.945794,
CAF,Rép. Centrafricaine,2011,9.18046542071693,4.19461533741989,1.1944757244985,2437982705.12093,154510967.212474,
CAF,Rép. Centrafricaine,2012,10.7719414058324,5.05376125356918,5.47829594346117,2510126512.22831,157902473.531176,
CAF,Rép. Centrafricaine,2013,13.5768259854235,-36.3919770983887,6.98879341970198,1691544110.18543,193663724.475369,
CAF,Rép. Centrafricaine,2014,12.7910233032414,0.0810705153264877,14.898684179755,1894813389.40325,259571697.529109,
CAF,Rép. Centrafricaine,2015,11.7154335961189,4.33712103020231,1.40297017136816,1695825714.19282,213800567.288047,
CAF,Rép. Centrafricaine,2016,12.3148432385651,4.75031684122342,4.94543276106518,1825018144.65595,239797985.500412,
CAF,Rép. Centrafricaine,2017,11.2150177342096,4.52727821346231,4.18072331871267,2072349972.6818,362717270.49893,
CAF,Rép. Centrafricaine,2018,12.3443319944716,3.78944359275462,1.61215686991555,2220979146.11241,361797180.317652,
CAF,Rép. Centrafricaine,2019,11.7050145625006,3.09999999999999,2.68537355266787,2221301351.43918,350305401.8215,
CAF,Rép. Centrafricaine,2020,11.7039071336529,0.899999996857062,1.71015659523153,2326720900.38047,432524260.923722,
CAF,Rép. Centrafricaine,2021,11.7946888020579,0.982919996264229,4.25936417542868,2516498412.46384,483872115.778418,
CAF,Rép. Centrafricaine,2022,13.0385826544527,0.453901876447787,5.58316735183247,2382618615.01694,374404781.268039,
CAF,Rép. Centrafricaine,2023,,0.69996840076054,2.97913852618937,2555492085.94725,479592712.605639,
CAF,Rép. Centrafricaine,2024,,1.49999999847535,1.47733600718744,2751494281.06887,489286576.286085,
CAF,Rép. Centrafricaine,2025,,4.49950000393781,1.00198012768088,3066109226.40165,,
CMR,Cameroun,1975,18.7465305689637,11.2450587758471,13.5533294051262,2857037371.05886,28827890.0770217,
CMR,Cameroun,1976,20.8064970652357,-5.49513839744186,9.93065056369725,2898090001.8562,43803725.9182906,
CMR,Cameroun,1977,24.5311752099628,13.7398715230551,14.6983091581554,3394664024.05503,44862720.5208037,-2.72189798307732
CMR,Cameroun,1978,25.3582966679572,22.0030049229664,12.4630523441787,4662852583.13256,55673755.7935937,-3.99667673148853
CMR,Cameroun,1979,25.7128098127311,6.03511877346806,6.58061081902716,5919002982.602,140905982.416779,-2.12332523271847
CMR,Cameroun,1980,29.542831264886,-1.9652916680455,9.55175427642866,6674569046.6832,206367217.764679,-6.67311213185183
CMR,Cameroun,1981,31.1556453856872,17.0826822487652,10.7275000000004,6610938616.6643,96992136.091978,-7.28598538312338
CMR,Cameroun,1982,31.2423468082886,7.51620260513882,13.2570198610704,6611255963.83584,80796978.2138794,-5.83460980458649
CMR,Cameroun,1983,30.8924383400516,6.86683056547592,16.6312264100787,6870200009.90065,170415619.353292,-5.9948599322349
CMR,Cameroun,1984,25.2309541269737,7.47457254362303,11.3733220902937,7311938026.36713,63101789.2347198,-2.31017210026612
CMR,Cameroun,1985,22.8788084312304,8.06316167125891,8.50837434391595,8544810497.9889,142274709.699133,-6.57147038115268
CMR,Cameroun,1986,24.0178157373785,6.77166308397663,7.77002498703532,11857056199.0765,70742510.2763067,-3.81060830050962
CMR,Cameroun,1987,25.868992426356,-2.14665021536007,13.140499844701,13049659981.1373,78283064.9884915,-6.84107201447678
CMR,Cameroun,1988,24.3934408921358,-7.82363197491021,1.6823326077121,12236057362.4917,188154480.853756,-3.48526332934172
CMR,Cameroun,1989,25.0727846522469,-1.81912051186825,-1.66552589550544,11012566195.0255,91892959.2079299,-2.63243288288055
CMR,Cameroun,1990,26.3773860496436,-6.10569764600656,1.09938128383608,12314482627.8454,37075058.9640231,-4.4759603893945
CMR,Cameroun,1991,26.4186571644135,-3.80859937279318,0.0600513305003455,11840192296.3893,53628537.0697255,-2.83515953017038
CMR,Cameroun,1992,12.5202643154533,-3.10000321081914,-0.0160550458717418,12071775335.0433,30352645.0823243,-3.0300754690908
CMR,Cameroun,1993,8.04895695623619,-7.93206657447536,-3.20655456915868,16181814712.5295,14152080.7963374,-3.16558988216276
CMR,Cameroun,1994,7.47640961197704,1.87680922580404,35.0944618459464,8902446252.18372,13740919.6525948,-0.629820264292087
CMR,Cameroun,1995,6.84825406635548,2.89400137739698,9.06969071921509,10864772470.9043,15372103.2588021,0.827012560749538
CMR,Cameroun,1996,6.79991155329721,4.21507214953058,3.92406372749798,11093538846.4483,13833208.9058915,-2.58405802001496
CMR,Cameroun,1997,5.52816678239915,4.52731376625037,4.78623881860376,10789458432.6416,9555390.85371143,-5.39597096870369
CMR,Cameroun,1998,6.43348529599776,4.72553484802563,3.17075185386907,11298144990.4104,9911701.41281912,-1.33456243682874
CMR,Cameroun,1999,6.76359969387726,4.51130422140731,1.87174500672008,11565826464.8921,13121977.8772397,-4.40566906646215
CMR,Cameroun,2000,7.24834770978704,3.83241779430614,1.22719012976132,10566579294.9831,220219413.043293,-2.0668977639693
CMR,Cameroun,2001,7.84074915902624,4.32426119221549,4.41977245881146,10953485349.1135,340115355.120412,-3.17394469214094
CMR,Cameroun,2002,8.06333960214488,4.47702683369155,2.83442260128067,12417251350.4882,639930327.323177,-3.53790565581226
CMR,Cameroun,2003,8.23854970959904,5.45315368881347,0.623163557374316,15970315034.9903,652135227.569221,-3.74372948027079
CMR,Cameroun,2004,7.79541952361572,7.04886281858374,0.233647380067584,18826214135.6419,842430190.035234,-2.21065060210036
CMR,Cameroun,2005,8.40286242580155,2.22827020924117,2.01353950175986,19509852206.9341,964745492.908923,-2.54005821725892
CMR,Cameroun,2006,8.12353298418805,3.80958327566137,5.11757816019469,20910512974.933,1735263262.18996,0.925460105397852
CMR,Cameroun,2007,8.28508670414223,4.32758900972871,0.921402245650095,23928250433.0378,2931745509.79895,1.19555212022134
CMR,Cameroun,2008,9.23971527903247,2.8476778892105,5.33780627627498,27715142032.913,3112861315.14642,-1.62929165447175
CMR,Cameroun,2009,9.64395738517045,2.57925177738754,3.04361847939999,27932970317.129,3675521655.97273,-4.02097111334699
CMR,Cameroun,2010,10.7779374242217,2.89902472122014,1.27538046242338,27507501821.0296,3642642765.84442,-3.11602303510797
CMR,Cameroun,2011,12.3263650704915,3.37921128506045,2.93969946305091,30630910495.217,3198717752.7485,-2.44588511307823
CMR,Cameroun,2012,12.4120200108143,4.62597872209571,2.73529677529539,30155062329.2821,3380703262.12093,-3.17006037197893
CMR,Cameroun,2013,12.9611374928781,4.99552916130783,2.05034718001741,33728621180.3231,3471999831.39101,-3.3445999054782
CMR,Cameroun,2014,13.7278364272632,5.71981814509198,1.85489850366777,36386544706.0806,3168216856.18041,-3.85300319903712
CMR,Cameroun,2015,14.1903930856487,5.66695298703932,2.676235314199,32210233020.4569,3536255065.98645,-3.64384590025676
CMR,Cameroun,2016,14.3706640485152,4.53579423678801,0.874190383288856,33814337044.3765,2225708778.07818,-3.06806029650276
CMR,Cameroun,2017,14.0633461453046,3.54117654926007,0.64040914988195,36098547033.1655,3196791410.74604,-2.63102845264373
CMR,Cameroun,2018,14.6820776289898,3.95551423892049,1.0688581131292,39955552189.795,3459329760.96426,-3.52725517847682
CMR,Cameroun,2019,14.0910928751244,3.47505998194981,2.45280214062732,39667757527.6578,3720172167.11585,-4.27316997253143
CMR,Cameroun,2020,,0.259932915907115,2.43760882182236,40773241177.0505,3961753887.41141,-3.70931267651989
CMR,Cameroun,2021,,3.33885747179505,2.27185762503637,45011937346.8384,4299788713.29081,-3.98670897608132
CMR,Cameroun,2022,,3.7367840056412,6.24767713343861,44347206072.5513,5133480338.41129,-3.39397488391441
CMR,Cameroun,2023,,3.34756290750219,7.38281384280984,48814501547.4313,4882047276.67739,-4.13580101370033
CMR,Cameroun,2024,,3.52472308052245,4.53331349711606,53296694320.2057,5061511549.89538,-3.28354247246706
CMR,Cameroun,2025,,3.20000015616144,3.40373458279055,58933453923.761,,
COG,Congo,1975,17.1739659367397,7.73159683364941,,767102680.239967,13814488.4353576,
COG,Congo,1976,19.8713255684969,0.916286751103684,,754549601.391492,12168224.1096617,
COG,Congo,1977,20.706914893617,-8.95342798038182,,765224029.286556,14453694.4362124,
COG,Congo,1978,19.8794755421079,6.3597470112115,,878771772.202149,11350150.538258,-20.5516893382486
COG,Congo,1979,17.8772549019608,9.81322473809402,,1198749667.42923,48069339.8625597,-8.2882352838947
COG,Congo,1980,15.5371809100305,17.6366054827611,,1705796852.89473,92619325.6866554,-9.76997778326499
COG,Congo,1981,17.390068303489,17.6197224701567,,1993512322.62391,127900257.410641,-23.1101971972452
COG,Congo,1982,18.4723943660563,23.5976999601492,,2160640564.56041,42223139.3938074,-15.3447405639315
COG,Congo,1983,19.0128878878879,5.85396283993704,,2097274289.75066,11709254.94424,-19.1156156143802
COG,Congo,1984,18.8373500260824,6.9761310544814,,2193581365.34299,7535939.86281927,9.58226395874383
COG,Congo,1985,20.7297074577668,-1.18566085432533,,2160872540.03175,7593095.0256717,-7.46302019432509
COG,Congo,1986,31.6795815197236,-6.86152643665193,4.15811088295678,1849268212.30284,11157540.6695685,-32.4832378211718
COG,Congo,1987,27.067057934427,0.189376640368906,0.443568260226844,2297753652.34929,8771600.58846965,-9.69133907709575
COG,Congo,1988,16.2403641881639,1.76626342847234,1.0304219823355,2212536311.99319,9257971.40363466,-20.1330804370954
COG,Congo,1989,14.7339628829892,2.59987651814491,-1.79698882952885,2389593025.60339,10552482.301093,-3.55503079247413
COG,Congo,1990,15.6922572178478,1.00000356627487,2.88905374216947,2798746050.11354,10192493.1610329,-8.97637795425953
COG,Congo,1991,15.9967477559516,2.39536745255616,-1.67834968956537,2724853505.80336,8694635.00650789,-16.9376870155112
COG,Congo,1992,15.7563111798042,2.61194805533871,-3.93546810070881,2933222703.0334,7714245.89928596,-10.7934054712732
COG,Congo,1993,8.68569925009867,-0.979683208744774,4.92366412213743,2684323623.14372,5684242.05310168,-20.5893960957304
COG,Congo,1994,7.69809438495053,-5.49307574541402,42.4396750333452,1769365437.78801,54626028.279834,-44.8409951823334
COG,Congo,1995,8.11238401817837,3.9853243781107,9.41800743452228,2116003867.75536,63605442.7976744,-29.5463927344917
COG,Congo,1996,7.54720320073863,4.29048155870402,10.0311203319503,2540697539.05773,95102838.9249265,-25.6169885221692
COG,Congo,1997,7.85771188315999,-0.624812152260716,,2322719102.6909,63149533.6213229,-6.70967027697312
COG,Congo,1998,9.73915311712025,3.73755276980884,,1949481379.21951,4043309.95571957,-12.3421441704289
COG,Congo,1999,10.9017456703236,-2.58219935813743,4.14267137284048,2354772960.28296,42583558.4675994,-9.79852342002057
COG,Congo,2000,4.78054525627045,7.5759803952642,-0.881991517025431,3227927697.57921,225059391.973169,20.1289422019463
COG,Congo,2001,4.89742713469707,3.80260189913561,0.0559899218140583,2796704604.03812,71990506.3583461,-1.01723380328061
COG,Congo,2002,2.86607439783363,4.58187006108889,4.37875971780873,3034250923.97726,35447852.891381,-1.14076678309812
COG,Congo,2003,3.63584014174623,0.813264076303781,-0.631844987363156,3503723087.74483,39441158.0588261,14.8882764007301
COG,Congo,2004,2.93264923853734,3.47663162118089,2.42976607961799,4656974940.12721,124471455.266244,14.5085104569995
COG,Congo,2005,2.21035522374353,7.75575897806648,3.09449011456182,6650001680.48544,737537427.530678,10.4641144260127
COG,Congo,2006,2.01041976164635,7.98623836334291,6.53784395299604,8072305029.06514,1848005218.09028,1.53894345042081
COG,Congo,2007,2.17001792231507,-6.61399480441001,2.65464645060703,8782703436.70188,2183569352.93452,-24.0002254918381
COG,Congo,2008,3.2133016767847,6.30637595585259,4.95875092023152,11649857673.4436,3881458050.91579,7.46170443036968
COG,Congo,2009,4.87224031469532,11.6372888615758,4.41500374795223,9723299915.25312,3806250383.75173,-14.1030536085047
COG,Congo,2010,5.97974007920069,9.93126543095578,0.391525011227612,13148396211.5955,4446850565.67434,6.85413566856583
COG,Congo,2011,7.16938539992393,2.20591936286718,1.75958704273803,15655383576.6515,5641136195.74763,13.2423472931453
COG,Congo,2012,7.41275433322396,9.94715314257564,5.01018773134471,17692911296.3044,5549563315.43625,13.6849086384196
COG,Congo,2013,8.87867280525648,-0.712434451876447,4.63161619729461,17958720699.0868,5245011451.13999,10.7855804840986
COG,Congo,2014,11.1598525258918,6.64606540928447,0.912139545450097,17919321078.0284,4926098059.12833,3.79355485952657
COG,Congo,2015,15.2272521698246,0.415193061293763,3.16909796750829,12434793867.3568,2221497219.19564,-37.2388274641582
COG,Congo,2016,17.9395649927598,-8.68524343913786,3.19056179723773,10931328150.8478,714352000.79598,-32.8963883802867
COG,Congo,2017,15.7845144454442,-5.59477371915547,0.450063823285546,11834473039.3645,379984138.830498,
COG,Congo,2018,13.0035781117488,-2.30431780125842,1.15277896375523,14773900288.5135,423617388.256644,
COG,Congo,2019,12.6399762805673,1.12447391976529,2.20607305781525,13976637779.9763,988316008.036769,11.6793050600101
COG,Congo,2020,15.5564368746607,-6.26777227963225,1.79537147083108,11468687464.0046,1140500574.79268,12.5614280869547
COG,Congo,2021,13.902630970771,1.01507036990908,1.7156427545126,14825690210.9157,828560334.612028,11.5738751772006
COG,Congo,2022,12.7664269281269,1.47535613247133,3.04344334698478,15817030154.6941,835649476.998537,
COG,Congo,2023,13.7900478506587,1.90686426346754,4.30174563591016,15321055822.5167,715391052.357981,
COG,Congo,2024,,2.09998918002519,3.09143630919166,15719986076.6464,758550233.065437,
COG,Congo,2025,,3.08292728120063,2.40069559361747,16306633778.765,,
GAB,Gabon,1975,14.4102508650519,19.1901149100017,28.4529426372338,2157592940.04234,146069074.960014,
GAB,Gabon,1976,13.8708107356418,35.6253379697775,20.1715644639721,3009409974.26856,116155039.786906,
GAB,Gabon,1977,18.0692552883222,-12.582091168196,13.8525690862841,2809349069.22118,10960852.445259,
GAB,Gabon,1978,24.1064540059347,-24.0492060700073,10.7641690976807,2389479271.66616,24720653.9111842,3.09161720747714
GAB,Gabon,1979,19.1365187713311,0.474405279722845,7.95269853751444,3030251120.09759,26585980.6548082,8.17251007369266
GAB,Gabon,1980,15.7692988275824,2.55293715765217,12.3403592565602,4279637942.25144,114931035.908203,8.96925457208746
GAB,Gabon,1981,16.2925202476417,5.09532927895786,8.70650214893005,3862269120.53497,203862515.213667,10.4421153102767
GAB,Gabon,1982,15.5585835645555,-3.09752039780534,16.6857968797492,3618007841.13503,317641899.132668,8.55076121567185
GAB,Gabon,1983,17.72854600325,5.60824067925303,10.6719367588934,3391275731.53751,191704655.540394,2.88787433239867
GAB,Gabon,1984,16.1824315640663,7.50890230839578,5.85714285714295,3561451560.50783,203334402.312198,3.16411772419284
GAB,Gabon,1985,20.2063312229257,-2.33294933269416,7.3549257759783,3339914757.22872,196666668.279435,-4.86504498812799
GAB,Gabon,1986,28.5342326291677,-0.803597733902933,6.28535512256451,3403638189.20049,131275302.185599,-31.0681259413846
GAB,Gabon,1987,29.7400385127547,-17.1460422148976,-0.946185688941441,3281797043.04996,18098132.6280505,-13.6844773143339
GAB,Gabon,1988,16.7483582683015,12.8453532480867,-8.77611940298511,3834503376.02992,72604240.1648836,-16.0520094477278
GAB,Gabon,1989,15.4787719955073,8.54530998982545,6.74083769633498,4186411463.85975,39478564.0548376,-4.59078995928343
GAB,Gabon,1990,12.9223127236826,5.19223727652398,7.72532188841208,5952293764.84777,278707082.300407,2.81747500972778
GAB,Gabon,1991,14.6340279267629,6.11250348301178,-11.6861126920888,5402919784.57004,332016185.575922,1.38433185743214
GAB,Gabon,1992,10.9443611257482,-3.09014565154393,-9.54291330336575,5592390827.39854,75487379.4295402,-3.00622863834277
GAB,Gabon,1993,10.3152517572052,3.94655500790242,0.533746556474191,4378645081.01769,5765214.98441806,-1.12108668936338
GAB,Gabon,1994,6.75599656583784,3.71275484108966,36.1162456962985,4190819344.22255,180108557.78406,7.57275373189422
GAB,Gabon,1995,7.92178409825469,4.97384776335103,9.64653104079616,4958845648.04778,153050967.705736,10.3786091380141
GAB,Gabon,1996,6.5893298544356,3.62504902027987,0.689693377281638,5694040002.89863,253455805.994779,15.606083485232
GAB,Gabon,1997,8.68058280531343,5.73836739483843,3.973450075453,5326817114.53586,286326931.459436,9.97513749355829
GAB,Gabon,1998,10.7795085066163,3.47783358718901,1.44873854294598,4483417309.83011,19102566.6572459,-13.2831001987777
GAB,Gabon,1999,9.96367119470568,-8.93262280230105,-1.93660397603626,4662992036.2073,21672801.0598187,8.37209987870897
GAB,Gabon,2000,8.69655229754448,-1.88296639760897,0.504920025834859,5080483628.53013,193613824.335929,19.7027587812577
GAB,Gabon,2001,12.5213235669856,2.13523342197423,2.13762052701465,5023265413.2623,13399793.737124,10.2998522952722
GAB,Gabon,2002,12.3109535557091,-0.249033168543434,0.0366828893971394,5335451099.88223,144051938.52431,6.33560263979825
GAB,Gabon,2003,11.5183478998664,2.2473300115045,2.23535313551536,6511903365.47554,201927545.206198,11.7614768617876
GAB,Gabon,2004,9.270946511217,0.689543058464849,0.40820530743925,7770219008.21293,449046100.892114,11.8977404655294
GAB,Gabon,2005,8.46361766400408,2.67620333310926,3.70833333333304,9582783990.85345,675149856.166232,20.6930568792579
GAB,Gabon,2006,9.55302311116021,-2.80657835569052,-1.4094013660098,10327598306.4575,1121592475.619,
GAB,Gabon,2007,9.95222909903567,6.00810802487668,5.03031883679951,12455409587.3371,1237944497.62597,22.0639363873959
GAB,Gabon,2008,8.66117230938388,-3.30843064878751,5.26430145575285,15571348344.3379,1934656663.35387,24.5939589011604
GAB,Gabon,2009,10.091112978373,0.130331119816617,1.88570754577918,12113699068.2517,1993241390.30824,6.63781868280595
GAB,Gabon,2010,8.20999683204116,7.08988731455126,1.46154402720469,14372593020.2885,1735883130.08267,17.0685059551217
GAB,Gabon,2011,9.52767161179321,7.09175334258654,1.26331707837421,18210307743.5816,2157316878.94114,14.30205454341
GAB,Gabon,2012,11.3020956739669,5.25107691750407,2.65241828695626,17170464016.0593,2351562306.82131,11.5176523304205
GAB,Gabon,2013,15.012821298493,5.63869900338696,0.505441058915615,17595744798.3398,3003573133.33984,8.31242147608324
GAB,Gabon,2014,14.5417251249117,4.31496444107469,4.69045751826284,18203966895.8433,2478480387.52702,6.10892058354702
GAB,Gabon,2015,14.5161472286238,3.8788993950789,-0.338795188753406,14383107762.6952,1863120980.87031,0.980288664808838
GAB,Gabon,2016,13.8289895507558,2.09144220829562,2.10670712784054,14023890265.3665,789346604.519222,
GAB,Gabon,2017,10.2903622081637,0.472642030911146,2.65192583143902,14929487485.1623,965054219.212038,
GAB,Gabon,2018,13.0826930691649,0.83791658082157,4.74906652083221,16867326401.9626,1321051088.57443,
GAB,Gabon,2019,13.3764779657931,3.92080879452831,2.46456756151187,16874405465.391,1371973832.67956,
GAB,Gabon,2020,,-1.8377610635094,1.35276110675333,15342236163.9943,1386494674.6587,
GAB,Gabon,2021,,1.46795731508091,1.0869074651941,19444935097.2333,1304391855.46928,
GAB,Gabon,2022,,3.03761449525692,4.23124798274579,20440655695.229,1415483890.94364,
GAB,Gabon,2023,,2.43893665041031,3.62901534185376,19388372070.9778,1447408422.70298,
GAB,Gabon,2024,,3.39403899521831,1.17311998381218,20895684425.6752,638788434.429856,
GAB,Gabon,2025,,2.47287961498321,1.76766609003481,21427119323.2764,,
GNQ,Guinée Équatoriale,1975,,,,104295643.388437,,
GNQ,Guinée Équatoriale,1976,,,,103653049.93797,,
GNQ,Guinée Équatoriale,1977,,,,103987520.075827,,
GNQ,Guinée Équatoriale,1978,,,,,,
GNQ,Guinée Équatoriale,1979,,,,,,
GNQ,Guinée Équatoriale,1980,,,,50642880.7737503,,
GNQ,Guinée Équatoriale,1981,,5.76942050301955,,36731422.8456914,,
GNQ,Guinée Équatoriale,1982,,2.20167594636722,,44294647.733479,2773615.87655523,
GNQ,Guinée Équatoriale,1983,,5.00438719582668,,44442456.94764,1300000.0,
GNQ,Guinée Équatoriale,1984,,1.01138167040003,,50320914.4065688,1381000.0,
GNQ,Guinée Équatoriale,1985,23.3915003887404,12.9051788684821,,62118569.9654481,3465531.60248607,
GNQ,Guinée Équatoriale,1986,31.6058011108198,-2.33055635744239,-17.6404240920371,76407395.8727542,2676436.58791487,
GNQ,Guinée Équatoriale,1987,26.7913376875341,4.43673736244361,-13.1744727471927,93345859.52973,568604.403598341,-25.9287107608819
GNQ,Guinée Équatoriale,1988,24.6259121401622,2.6552621825882,2.52365930599391,100534656.881732,5503322.41918525,-16.4506703656093
GNQ,Guinée Équatoriale,1989,27.6550769449156,-1.22917807949834,6.16615384615363,88265974.861049,5968313.45777246,-23.7875568375166
GNQ,Guinée Équatoriale,1990,25.7713318341911,-1.75856408496443,0.857871551124735,112119411.489965,706734.793331144,-16.9395648833006
GNQ,Guinée Équatoriale,1991,38.2326958401526,-1.02223887710288,-3.42528735632201,110906028.536862,9473863.03710651,-36.7145107351161
GNQ,Guinée Équatoriale,1992,21.2194972986663,34.7453200290652,-4.27874315639129,134707183.84662,13408610.6225858,-7.85003608180464
GNQ,Guinée Équatoriale,1993,5.1656544925775,11.0332130375277,5.4522847373328,136047906.245408,480802.137519329,2.08962404984017
GNQ,Guinée Équatoriale,1994,4.02011693673264,16.6688355418416,31.8410168416385,100807002.540195,390332.767301749,-0.37878435160704
GNQ,Guinée Équatoriale,1995,4.79762403015508,17.4862637323938,19.8724349483472,141853360.867855,40812.3155034427,-86.9941852940511
GNQ,Guinée Équatoriale,1996,5.21035574316028,66.5799972215897,4.54072771540235,232463022.802961,516467.205190443,-147.997312487613
GNQ,Guinée Équatoriale,1997,4.65452142589506,149.972963487965,3.01650540694366,442337870.69437,4933006.0588921,
GNQ,Guinée Équatoriale,1998,6.46172223470148,23.7744823299607,7.93571069814148,370687634.425712,803295.411914716,
GNQ,Guinée Équatoriale,1999,5.56636788879989,25.6640154410418,0.372266170311928,621117885.668503,3353991.19149578,
GNQ,Guinée Équatoriale,2000,3.63341617435826,18.2137799569674,4.80228886901398,1045998496.43872,23008388.6354032,
GNQ,Guinée Équatoriale,2001,3.47007757207302,63.3798754250602,8.82538925854966,1461139022.02954,70851809.3335505,
GNQ,Guinée Équatoriale,2002,4.16905437079468,19.4628340359251,7.5924784983324,1806742742.27311,88540317.1327289,
GNQ,Guinée Équatoriale,2003,3.58879170056066,13.9552503163825,7.32354399351809,2484745935.09329,237691328.605159,
GNQ,Guinée Équatoriale,2004,2.72215431812877,37.9987268556423,4.21968787094834,4410764338.66733,944982405.389843,
GNQ,Guinée Équatoriale,2005,2.14853263799982,16.7487006053541,5.63163351357613,8217369092.65224,2102494662.13149,
GNQ,Guinée Équatoriale,2006,2.37293393091507,7.70491760658767,4.41589984169561,10086528698.8604,3066739318.60916,
GNQ,Guinée Équatoriale,2007,2.80267296559979,15.2821139194857,2.80373831775704,13071718758.7373,3845916299.732,
GNQ,Guinée Équatoriale,2008,4.10405482430278,17.7991091333811,6.55176691184535,19749893536.3204,4431191816.06264,
GNQ,Guinée Équatoriale,2009,5.31752124002543,1.34335628806095,4.69106567747375,15027795173.2187,3251937926.22841,
GNQ,Guinée Équatoriale,2010,6.07828531496565,-8.92417588851806,7.78916547991184,16314443436.2903,2346355216.01319,
GNQ,Guinée Équatoriale,2011,6.4064820440112,6.52392362989873,4.805389221557,21357343668.9447,3053840571.59284,
GNQ,Guinée Équatoriale,2012,4.83204994072443,8.31287184445641,3.65662048278806,22388344143.9131,4396979377.35143,
GNQ,Guinée Équatoriale,2013,6.863157222794,-4.13319850131583,2.94887694639662,21948834283.7856,4566537481.10375,
GNQ,Guinée Équatoriale,2014,8.10847678929606,0.415066301596866,4.30999866149107,21765453081.9826,2906843390.77255,
GNQ,Guinée Équatoriale,2015,12.5262525944721,-9.11004114881537,1.67663085315988,13185496881.0174,1205154515.65311,
GNQ,Guinée Équatoriale,2016,14.9468582596128,-8.81641723219757,1.41193915479015,11240808847.8878,62307444.1358488,
GNQ,Guinée Équatoriale,2017,14.1214330973783,-5.66750850486686,0.74435474661241,12200913878.9827,45502925.1067976,
GNQ,Guinée Équatoriale,2018,14.1882491471457,-6.23654406734575,1.06007410662171,13097012133.6159,48929813.6121629,
GNQ,Guinée Équatoriale,2019,15.2395082821309,-5.48182537893445,1.53027528964189,11364133549.7478,40816834.5967152,
GNQ,Guinée Équatoriale,2020,12.8708903076884,-4.79108083383294,4.76669523944228,9893816007.7398,60833004.0225613,
GNQ,Guinée Équatoriale,2021,10.4542771122938,0.860269956382069,-0.0971007664640198,12215878032.7166,44271185.5880532,
GNQ,Guinée Équatoriale,2022,8.08192941445443,3.22350831658598,4.78671704710803,13687643435.6249,1457611930.34543,
GNQ,Guinée Équatoriale,2023,5.81219669046931,-7.4250553172124,2.85949506037322,12541814272.8021,1538461553.77119,
GNQ,Guinée Équatoriale,2024,,0.39622552095193,2.92140227309103,13254388261.1258,1076807833.41514,
GNQ,Guinée Équatoriale,2025,,-5.84678505700693,,12823210425.9217,,
TCD,Tchad,1975,12.0958220694892,9.01026730550424,,864602104.679653,3058688.10896881,
TCD,Tchad,1976,9.35141827979458,2.98076526952664,,866044962.016274,23274483.268861,
TCD,Tchad,1977,10.2676657438915,2.23462484913821,,935360464.701341,19707116.1180086,-3.04918558992892
TCD,Tchad,1978,12.4139388936589,-0.469634188032288,,1113920123.76723,13711275.9367726,-4.16887788526407
TCD,Tchad,1979,17.8683887356034,-21.4410876889116,,1004316496.35051,17103550.9818403,-0.154465559686596
TCD,Tchad,1980,17.1723285511011,-6.04767074733067,,1033002403.85304,11772888.8034879,1.19128189506728
TCD,Tchad,1981,13.1188052376698,1.0429181025978,,876937558.273757,11846216.0418528,2.67348727956021
TCD,Tchad,1982,10.9384683882669,5.34660899936992,,834369859.663018,17613994.6341586,2.22025609736238
TCD,Tchad,1983,10.2315410991367,15.6787177787333,,832415806.010064,32348568.4065928,4.5620283850266
TCD,Tchad,1984,11.436510825057,2.04889891081616,20.2508960573479,919103734.876996,47584282.5457782,0.984206714291869
TCD,Tchad,1985,13.9942268796022,21.7927735303921,5.15399900645816,1033069709.3319,37090013.6435259,-8.44479951764772
TCD,Tchad,1986,20.2825766063297,-4.08166751727347,-13.0565725758829,1067828245.86207,20248623.259573,-5.5600974872436
TCD,Tchad,1987,21.2136452880591,-2.38880849732436,-5.97484276729554,1163426852.20442,57481196.7360451,-2.19448360509664
TCD,Tchad,1988,7.03572835455867,15.4823590700135,15.4775176514303,1482597297.98821,67636520.2003837,1.72041905063907
TCD,Tchad,1989,6.43063220119775,4.88473510251002,-3.68913460441471,1433686312.02914,116184031.941454,-3.57661020245615
TCD,Tchad,1990,6.4810990406711,-4.17847237277633,-0.738282265310918,1738605557.76313,132064062.902088,-2.62378989206359
TCD,Tchad,1991,5.94840642548766,8.53513716635477,3.19387473029496,1877137981.75712,123724750.817937,-3.49331969967201
TCD,Tchad,1992,6.08781622017682,8.00144334899822,-3.11303067214949,1881847669.69794,84189961.925617,-4.55341511080141
TCD,Tchad,1993,5.03453734492648,-15.7098370447417,-8.427933486518,1463251163.9188,43281878.4978926,-7.97127033243566
TCD,Tchad,1994,3.62566869671399,10.1368876324308,41.7248972364414,1179837963.22213,80278305.578426,-3.19913740022973
TCD,Tchad,1995,3.85047765587526,1.23654931570509,9.23032599768656,1445919894.57661,146818545.097414,
TCD,Tchad,1996,3.64248250900514,2.21447303497622,11.3308789057282,1607345355.78298,168587618.719332,
TCD,Tchad,1997,3.23429328606989,5.65339232904813,5.5722571112533,1544689576.92712,139051268.152912,
TCD,Tchad,1998,3.30627847904118,6.95157991370925,4.2588511022514,1744794531.21401,123289615.942238,
TCD,Tchad,1999,3.58610460568817,-0.68285022143975,-8.02505962727454,1534673583.2487,98247717.7012828,
TCD,Tchad,2000,3.47936369672946,-0.879681024156014,3.82260088086306,1388506771.58756,113752750.287429,
TCD,Tchad,2001,4.338486053348,11.6581346550771,12.4312865279941,1710843377.00119,125450913.473422,
TCD,Tchad,2002,4.21236731197982,8.4912098197177,5.19181895195446,1997005708.81576,222510578.661822,
TCD,Tchad,2003,4.19489744248441,14.7216670123589,-1.75256941248655,2742815071.5744,191745202.611172,
TCD,Tchad,2004,3.13376265896053,33.6293718498522,-5.35540028884816,4422855660.82592,226603535.300678,
TCD,Tchad,2005,1.95252225003226,17.3325337352162,7.89036567462993,8655892392.92919,231282856.164012,
TCD,Tchad,2006,1.69490431367969,-0.54282957080251,8.03628897951331,9709626596.13031,632157876.917181,
TCD,Tchad,2007,1.90885958094899,4.20017418353298,-8.9747396200927,10865385131.5172,964338636.974652,
TCD,Tchad,2008,2.37779871540522,3.08119033854541,10.2969758221254,13385593990.3378,1355146208.38943,
TCD,Tchad,2009,2.96502979878641,-1.40828262637592,9.95242290748864,12317614053.6841,616701392.110048,
TCD,Tchad,2010,3.21497699838003,13.6738272725339,-2.07786574641866,14058506663.7252,632405291.277491,
TCD,Tchad,2011,3.53708298939375,4.49542967058827,2.0292405367826,16685349673.9957,951097160.643999,
TCD,Tchad,2012,4.02102215723731,9.06180392253447,7.51662364663833,17892228569.8861,1155659286.59738,
TCD,Tchad,2013,4.41495267416436,2.83821524730293,0.222671564624551,17865316886.3315,1183031943.77765,
TCD,Tchad,2014,5.99411802017464,2.06283074361411,1.6819731392567,18144336903.7175,1075906114.58729,
TCD,Tchad,2015,6.28199600168377,3.30415979779805,4.37712665065654,14559599499.5011,368916823.816674,
TCD,Tchad,2016,9.66896292279385,-4.12250332637034,-0.792440525236102,13026289835.7789,8184292.08845216,
TCD,Tchad,2017,9.10617708639334,-1.61746922820204,-1.5370996298084,13349041408.7152,8575237.41520016,
TCD,Tchad,2018,8.24873656929464,5.74111580758154,4.27462198610545,15327000248.8701,147750165.909777,
TCD,Tchad,2019,7.54147312123575,5.38282202874814,-0.971939175419401,14905517742.8454,310032032.850238,
TCD,Tchad,2020,7.22915564060594,-0.393646582380399,4.46414437232861,14932897821.2387,390675163.109219,
TCD,Tchad,2021,8.32290954891334,0.293442648033434,-0.77284437035914,16871937697.5854,211590754.917343,
TCD,Tchad,2022,,4.12969897668356,5.78802687843616,17828508289.6049,1013220923.95659,
TCD,Tchad,2023,,3.99861309461539,10.8363568399843,18352937976.2179,1049788251.30153,
TCD,Tchad,2024,,4.95210484607125,8.89950732263754,19906706689.7582,1547604928.86707,
TCD,Tchad,2025,,5.58988021765651,-3.9119812440659,21472835225.4338,,
